"","term","estimate","std.error","df","statistic","p.value"
"1","(Intercept)",0.922113726034566,0.0980910674866377,32,9.4005881438713,0
"2","tsd",-0.0749624658475394,0.0213698260541489,30,-3.50786504567666,0.001
"3","cumltve_yrs",0.0183103445218053,0.0481825402606348,30,0.380020323186756,0.707
"4","tsd:cumltve_yrs",0.012222419244181,0.00935543102240665,30,1.30645175138461,0.201
