"","term","estimate","std.error","df","statistic","p.value"
"1","(Intercept)",4.75171720525112,0.825293393149751,32,5.75760965093406,0
"2","tsd",-0.0368081719231556,0.0809598728467883,30,-0.454647106385812,0.653
"3","cumltve_yrs",-0.0582613918902138,0.182795343337702,30,-0.318724705052141,0.752
"4","tsd:cumltve_yrs",0.0196236006518132,0.0365463676282589,30,0.5369507813039,0.595
