"","term","estimate","std.error","df","statistic","p.value"
"1","(Intercept)",1.84723349494729,0.445259161383653,69,4.14867038155255,0
"2","tsd",-0.0267933588392433,0.0400140253581462,67,-0.669599186770861,0.505
"3","cumltve_yrs",-0.163956705268796,0.141160515978914,67,-1.16149125789033,0.25
"4","tsd:cumltve_yrs",0.0357715451968359,0.023517889740502,67,1.52103550069932,0.133
