"","term","estimate","std.error","df","statistic","p.value"
"1","(Intercept)",148.551956142492,13.5649962500707,69,10.9511240109423,0
"2","tsd",0.119405138275376,2.22130368236756,67,0.0537545312796263,0.957
"3","cumltve_yrs",-5.63099378210951,7.70427316161109,67,-0.730892280684916,0.467
"4","tsd:cumltve_yrs",1.75659953299664,1.26873804414606,67,1.38452499402975,0.171
