"","term","estimate","std.error","df","statistic","p.value"
"1","(Intercept)",7.74731089589797,1.37382264613038,69,5.63923656209895,0
"2","tsd",-0.167539854330529,0.100268423613297,67,-1.67091341713594,0.099
"3","cumltve_yrs",-0.102790990045947,0.35434594922665,67,-0.29008653907371,0.773
"4","tsd:cumltve_yrs",0.0895976683705779,0.0591041094728019,67,1.51592958881833,0.134
