"","term","estimate","std.error","df","statistic","p.value"
"1","(Intercept)",5.77401694121509,2.27665532402767,32,2.53618405925416,0.016
"2","tsd",0.0952171961662588,0.175099665162718,30,0.543788567943717,0.591
"3","cumltve_yrs",-0.291213588795166,0.395383534061884,30,-0.736534437343529,0.467
"4","tsd:cumltve_yrs",0.0318304653873789,0.0791894360259835,30,0.40195342945661,0.691
