"","term","estimate","std.error","df","statistic","p.value"
"1","(Intercept)",-28.1764994781168,2.929372244498,69,-9.61861352070855,0
"2","tsd",-0.0838048343838964,0.282621450674462,67,-0.296526800014295,0.768
"3","cumltve_yrs",1.07757844258942,0.996199086154901,67,1.08168985252599,0.283
"4","tsd:cumltve_yrs",-0.164754746763295,0.165879113021849,67,-0.993221773145085,0.324
