"","term","estimate","std.error","df","statistic","p.value"
"1","(Intercept)",28.1764994781168,2.929372244498,69,9.61861352070855,0
"2","tsd",0.0838048343838975,0.282621450674462,67,0.2965268000143,0.768
"3","cumltve_yrs",-1.07757844258941,0.996199086154901,67,-1.08168985252598,0.283
"4","tsd:cumltve_yrs",0.164754746763294,0.165879113021849,67,0.99322177314508,0.324
