"","term","estimate","std.error","df","statistic","p.value"
"1","(Intercept)",416.938629049123,20.0574556061374,32,20.7872143524298,0
"2","tsd",-12.8247951824674,3.35152320413001,30,-3.82655718052726,0.001
"3","cumltve_yrs",-3.09224718816709,7.56326731618978,30,-0.408850706829823,0.686
"4","tsd:cumltve_yrs",3.49750048752226,1.49589881418979,30,2.3380595360767,0.026
