"","term","estimate","std.error","df","statistic","p.value"
"1","(Intercept)",4.69897748710843,1.89534068444036,32,2.47922578019049,0.019
"2","tsd",-0.270943987192761,0.210441005334171,30,-1.28750566821573,0.208
"3","cumltve_yrs",0.237147486661704,0.475112583549926,30,0.499139561595685,0.621
"4","tsd:cumltve_yrs",0.0588967170652895,0.0948599045526288,30,0.62088104919622,0.539
