"","term","estimate","std.error","df","statistic","p.value"
"1","(Intercept)",2.24505762570649,0.478735276102074,69,4.68955963301065,0
"2","tsd",-0.0167068718476089,0.0309134811279919,67,-0.540439679971238,0.591
"3","cumltve_yrs",-0.0240956914957973,0.109324236071595,67,-0.220405761445407,0.826
"4","tsd:cumltve_yrs",0.00839784599576289,0.0182434971252625,67,0.460319967060158,0.647
