"","term","estimate","std.error","df","statistic","p.value"
"1","(Intercept)",2.73773898586719,1.12219987834582,69,2.43961796707976,0.017
"2","tsd",0.00838660936248009,0.0674368498930582,67,0.124362412772537,0.901
"3","cumltve_yrs",-0.189328805588153,0.238566832298116,67,-0.793609085405325,0.43
"4","tsd:cumltve_yrs",0.0271948306902761,0.0398195852723539,67,0.682951128302108,0.497
